q0, q1, q2, q3, q4, q5, q6
-0.793726, -1.70099, -2.86283, -1.0684, 0.642736, 2.22785, 0.247103
-7.0626e-05, 0.000721975, 0.000267458, 0.00135871, 0.000341543, -0.000233966, 0.00517499
-0.000603896, -0.000632307, 0.000735117, 0.000348995, -0.000213114, 8.13814e-05, 0.00358959
0.000154215, 0.000135274, -6.67337e-05, -0.000324148, -0.000142076, 0.000291613, 0.0031844
0.00010281, -0.000466629, -4.44891e-05, 0.000340713, 0.000142641, 0.000465676, 0.000842998
6.85398e-05, -0.000311086, -0.000679273, -0.000979284, -0.000345715, 0.000310451, 0.000721025
0.000602505, -0.000207391, 0.000196765, -0.000652856, -2.70263e-05, -6.43002e-05, 9.13274e-05
0.00040167, 0.000418551, 0.000687989, 0.000214377, 0.000219341, -0.000280226, 0.000658964
-0.000289032, -0.000277778, -9.81529e-05, -0.000506696, -9.11313e-05, 5.05418e-05, 0.0017271
0.000364124, 0.000371627, -6.54352e-05, -0.000337797, -0.000264205, -0.000203664, 0.00120172
-0.000314063, 0.000247751, 0.000513188, -0.00078201, 2.7314e-05, 0.000101583, 0.00111015
-0.000766187, 0.000165167, 0.000342126, 0.000685086, 1.82094e-05, 6.77218e-05, 0.000768404
-0.000510791, 0.000110112, 0.000877698, 0.00101354, 0.000249499, 4.51479e-05, 0.000533497
-0.000340528, -0.000483404, -0.000621294, -0.000530735, -0.000511836, 0.000301366, -0.000137041
0.000886606, 0.000234542, 0.00079223, 0.000852602, -0.000341224, -0.000307716, 0.000429206
-0.00117217, 0.000156362, -0.00132789, -0.000638024, 0.000450686, -0.000205144, -0.000213534
-0.000131831, 0.000661053, 0.000321168, 0.000224264, -0.000140352, -0.000136763, -0.000881624
0.00102574, -0.00011611, -0.0003427, 0.00014951, 0.000347241, -9.1175e-05, -0.00105743
0.000683824, 0.000479405, -0.000228467, -0.000549941, -0.000209315, -6.07833e-05, 0.000282169
-0.000100929, -0.00079402, -0.000152311, 0.000282987, 0.000301266, 0.000196837, 0.000190946
-6.7286e-05, 2.74651e-05, 0.0016617, 0.000188658, 0.000200844, -0.000106134, 0.000129423
0.000511955, -0.000538502, -0.00130505, 0.000125772, -0.000103463, -0.000308115, 0.00107122
-0.000215509, 0.000197811, 0.00033639, -0.000565766, 0.000168384, 0.000269308, -3.06434e-05
0.000413139, -0.000424938, 0.00022426, 0.000829249, 0.000112256, -0.000295179, 0.000726453
-0.000838198, -0.000283292, -0.000407305, -3.97959e-06, -0.000365972, 4.05727e-05, -0.00124436
-1.98649e-06, -0.000188861, -0.000271537, -0.000652267, -0.00048134, 0.000535675, -0.000829066
0.000555488, 0.000430904, 0.0010254, 0.000214769, 0.000357275, -0.00015151, -0.0111984
-0.000186487, 0.00028727, 3.3987e-05, 0.00014318, 0.000441634, 0.000136352, -0.00835248
0.000432487, 0.000191513, 2.2658e-05, 0.00120908, -0.000146387, 0.000362169, -0.00599612
-0.000268487, 0.000127675, -0.00119132, 0.000806051, -9.75913e-05, 0.000478805, -0.00425893
0.00158425, 8.51169e-05, -0.0001446, -0.000576256, 0.000172298, -0.000189423, -0.00270482
-0.000707074, -0.000500067, -9.63999e-05, -0.000384171, 0.000114865, 0.000144985, -0.0015752
8.54296e-05, -0.000333378, 0.00114216, -0.000256114, -0.000160782, -0.00017461, -0.0012606
5.69531e-05, 0.00033456, 0.000111826, -0.000170743, 0.000130171, -0.000116407, -0.00150687
-0.000518843, -0.000983386, -0.000482262, -0.000113828, -0.000354029, -0.000314964, -0.000885607
-0.000345895, -5.97674e-06, -0.000321508, 0.00103774, 0.00020479, -0.000209976, -0.000679194
-0.000787409, 0.000552827, 0.000342473, 0.000135014, 0.000136527, -0.000139984, -0.00174009
0.0012383, -0.00018826, -0.000328496, -0.000466803, -0.000349792, 0.000144036, -0.00121
-0.000380894, -0.000125507, 0.000337814, -0.000311202, -0.000470553, 0.000367292, -0.000844127
-0.000253929, 0.00102995, -0.000981216, 0.000349344, 0.000364466, -0.000501124, 0.00015514
0.000387526, 0.000129823, -4.53024e-06, -0.00097353, 0.000242977, -0.000808801, -0.00018891
0.000258351, -0.000470263, -3.02016e-06, 0.00111422, -0.000516183, 0.000172876, 0.00087551
0.000821848, 0.000243303, -0.000651627, -0.00102043, 0.000334046, 0.00035261, 0.000300554
0.00110471, 0.000719014, 0.000215196, -0.000680284, -1.46615e-05, -2.2857e-06, 0.00019148
-0.000469952, -7.74692e-05, 0.000143464, 0.000752903, 0.000431035, 0.000235835, -0.000353731
-0.00142693, -0.000608458, 9.56425e-05, -5.48764e-05, -0.000356903, 0.000157223, -0.00122416
0.000811954, -0.00105525, -0.000585852, -0.000686198, -3.4485e-05, -0.000132543, 0.000163484
-0.000665123, 0.000502924, 0.000259046, -0.00101428, -0.000226441, -8.83622e-05, -0.000877167
0.000113397, 0.000892095, 0.000729509, -0.000676185, 5.24902e-05, 0.000178451, 0.000125189
-0.00103803, 3.79178e-05, -7.04725e-05, 0.00131245, -0.000168457, -0.000355751, -0.000155481
-0.000135206, -0.000531533, -0.000696596, 0.000318153, 9.11458e-05, 0.000508818, 0.000132518
0.000466675, -0.000354356, -0.00102121, 0.000212102, 0.000298123, -0.000169414, 0.000358723
0.000960731, 0.000877387, 0.00108243, 0.000698213, 0.000402199, -0.000112943, 0.00122183
-9.12689e-06, 2.81126e-05, 0.000721621, 0.00102229, -0.000376127, -7.52952e-05, 0.00081405
-0.000562897, 0.000575554, -7.57311e-05, -0.00108171, -4.7301e-05, -5.01968e-05, -0.000203661
-0.000932076, 0.000383702, 0.000506325, 0.000485284, -3.1534e-05, -0.000270823, 0.000372571
-6.45723e-05, -0.00030101, -0.000219262, -0.000233289, -2.10227e-05, 0.000294169, -0.00100644
-0.00059986, -0.000757485, -0.000146175, -0.00080514, -1.40151e-05, -4.12463e-05, -0.000433761
0.00136333, 0.000608634, -9.74499e-05, 0.000669666, -0.000212794, 0.000209861, -0.00100137
-0.000297538, 0.00105537, -0.000714581, -0.000759982, 0.000298947, 0.000139908, 4.4408e-05
0.000358453, -0.00170927, 0.000730039, -0.000506655, 0.000402748, -0.000144087, 0.000300806
0.000888583, -0.000489901, -7.01194e-05, 0.000311844, -0.000375761, -9.60581e-05, 0.000437846
-0.00117085, 0.000230211, 0.000510066, 0.000764708, 0.000190302, -0.000301398, 0.0012752
-0.000780566, -0.000403338, 0.000340044, 0.000509805, -0.000110491, 3.64271e-05, -0.000133236
0.000593246, 0.00149435, 0.000226696, -0.000866556, -7.36606e-05, 2.42848e-05, -0.000326204
-0.000161314, -0.000767007, -0.000405681, 7.19102e-05, 0.000188252, -0.000221169, -0.000726112
-0.000664355, 4.54739e-05, -0.000270454, -0.000601674, -0.000111858, 0.000327272, -0.000246727
0.000113909, 3.03159e-05, -0.000180303, 0.00080531, 0.000162787, 0.000489449, -0.000164494
-0.000480873, 0.000577023, -0.000120202, -0.000669553, 0.000108525, 5.50317e-05, -0.000821746
0.00023623, -0.00017213, -0.000729749, 0.000203246, 7.23498e-05, 3.66878e-05, -0.000310477
0.000714299, -0.00132118, 0.000719927, 0.000692309, -0.000189126, -0.0002129, -0.000444347
-0.000637425, -0.000231172, 0.000479951, -0.000744887, -0.000126084, 9.54253e-05, 0.000415843
0.00133829, 0.000402697, -0.000886458, 0.000709835, -8.40559e-05, -0.000173742, 0.000785853
-0.000314234, -0.000288347, 5.86417e-05, -0.000733203, -5.60372e-05, 0.000121531, 0.00126989
-0.000209489, -0.000841845, 0.000595906, 0.000160812, -3.73582e-05, -0.000156338, 0.00060923
-0.00013966, 0.00185162, -0.000159541, -0.00109922, -2.49054e-05, 0.000404401, 0.000134885
0.000463706, 2.79884e-05, 0.000450451, -0.000176, 0.000220755, 0.0002696, -0.000147436
-0.000247675, 1.8659e-05, -0.000256511, -0.000674145, -9.01887e-05, -9.15337e-05, -9.82913e-05
-0.000165117, -0.000544373, -0.000820621, -0.00044943, 0.000177233, -6.10225e-05, -0.0015575
0.00109635, 0.000750709, 0.000102533, 0.000906806, 0.000118155, 0.000467945, 0.000453638
-0.000475527, -5.63394e-05, 6.83554e-05, 0.00116135, -0.000158589, -0.000434022, 0.000302425
-0.000317018, 0.000519252, 4.55702e-05, -0.000989005, -0.000105726, -0.000289348, 0.000201617
-0.000211345, 0.000346168, -0.00117605, 0.000547089, -0.000273934, 0.000315728, -0.000374215
0.000415915, -0.000326033, 0.000979207, 0.00147835, 2.08276e-05, 0.000210485, 2.17904e-05
0.000277277, -0.000774167, 0.000652805, 0.000428755, 1.38851e-05, -0.000130944, 0.000489245
-0.000371961, 4.07004e-05, -0.000121609, 0.000285836, 9.25671e-06, -0.000324655, 0.000834789
-0.00035092, -0.00174515, -5.40483e-05, -2.76315e-05, -7.50056e-05, -0.000223411, -0.000363665
0.000322865, -0.000606621, -3.60322e-05, -1.8421e-05, -5.00037e-05, 8.84185e-05, -0.00197177
0.000215244, 0.000802012, -2.40215e-05, -1.22807e-05, -3.33358e-05, -0.000415772, -0.000331171
0.000143496, 0.000534675, 0.000540798, 0.000548625, 0.000215135, -0.000277181, -0.000729407
-0.000461148, 0.00156288, 0.000360532, 0.00036575, 0.000143423, 5.25713e-05, -0.000215004
0.00024938, -0.000164509, -0.000316457, -0.000312979, -0.000141743, 0.000272406, 0.00107737
0.000166253, -0.000666484, -0.000210972, -0.00141508, 0.000142863, -5.57546e-05, 0.000955604
-0.000445976, -0.000444323, -0.000790262, 0.00026304, 9.52422e-05, -3.71698e-05, 0.000908336
-0.00150374, -0.00150264, 0.000122773, 0.000732172, -0.000377315, 0.000212579, 9.69314e-05
0.00020393, -0.000444949, -0.000567765, -6.86972e-05, -0.000251543, 0.000412987, -0.00115608
0.000135953, 0.000352981, 0.000271104, 0.000511014, 3.57551e-05, 4.05715e-06, 0.000687341
9.06356e-05, -0.000971105, 0.000180736, -0.000216136, -0.000179614, -0.000472013, -0.000525117
0.000617236, 0.00111583, 0.000677302, -0.000793705, 0.000321067, 0.000160042, -0.000824796
-0.000702133, 0.00074389, 0.000451535, 0.000120478, -0.000226765, 0.000377962, -0.000549864
0.000645535, -6.08855e-05, -0.000255789, 8.03183e-05, -0.000151177, -0.000256651, 0.00109149
-0.000126455, 0.000516222, 0.000386286, -0.000596068, 0.000340025, -0.00040846, 0.000490298
-0.000641115, 0.000344148, -0.000948902, 0.000252235, -1.06755e-05, -0.000272307, 0.000326866
0.000129402, -0.00032738, 0.00122344, -0.00103827, -7.11703e-06, 5.58212e-05, 0.00021791
8.62677e-05, -0.000218253, -0.0003908, 0.000514246, 0.000232614, -0.000200145, 0.000891259
5.75118e-05, 0.00041131, 0.000296279, -0.000306783, -8.22828e-05, 0.000103929, 8.55463e-05
0.00124477, -0.000282606, -0.00100891, -0.000204522, -5.48552e-05, 6.92861e-05, 0.000328298
-0.000376581, -0.000188404, -2.29906e-05, 0.000513266, 0.000404239, 4.61907e-05, -0.00127311
0.000305758, 0.00043121, -1.53271e-05, -0.000864249, -0.000171317, 0.00053942, -0.0010861
0.000203839, 0.000844285, -0.000659832, 0.00063026, -0.000114211, 8.8346e-05, -0.000486705
-0.000977732, 6.04469e-06, -0.000439888, 0.000420173, -7.61407e-05, -0.000178462, -0.00032447
0.000461803, -0.0012024, 0.000356355, 0.000280116, -0.000254211, -0.000356333, 0.000767031
-0.000248943, 0.000404828, -0.000968856, 0.000186744, 3.39765e-05, -1.96611e-07, 2.72766e-06
0.00039085, 0.000269886, -8.90919e-05, 0.000681308, 0.00026001, -1.31074e-07, 0.00101907
-0.000296245, -0.000376888, 0.00114703, -0.000102607, -0.000504828, 0.000237272, -6.66045e-05
-0.000754309, -0.000251259, 0.000207876, 0.000488407, -9.91933e-05, -7.91779e-05, 0.0011763
5.39393e-05, -0.000167506, 0.000695396, -0.000231207, 0.000374681, -5.27853e-05, -0.000945129
0.000592772, 0.00100195, -9.32148e-05, -0.00136056, 0.000249787, -3.51902e-05, 0.000353258
-0.000161631, 0.000667969, -6.21432e-05, 0.000299383, 0.000166525, -0.000498178, -0.000747839
-0.000664566, -0.000111499, -0.000691043, 0.000756401, 0.000314467, 0.000379958, -0.000735918
0.000113768, -7.43329e-05, 0.000745731, -5.25447e-05, 0.000209645, 0.000253305, 0.000492732
0.000632657, -0.000606367, -5.96581e-05, -3.50298e-05, -0.000301046, 0.00016887, -0.000180138
-0.00013504, -0.00105386, -3.97721e-05, -0.00122978, 3.66614e-05, 0.00011258, 0.000388534
-9.0027e-05, 0.000503853, 0.00117991, -0.000263041, 2.44409e-05, 7.50535e-05, 0.000767649
0.000496794, -0.00022091, 0.000786607, 0.000474253, -0.000221065, 5.00356e-05, 0.000511766
0.00098081, 0.000409539, 0.000524405, 0.000316169, -0.000147377, 3.33571e-05, 6.991e-05
-0.00110936, 0.000829838, -0.000856823, 0.000210779, -9.82511e-05, -0.000215121, 4.66067e-05
0.00102366, -0.00121001, -0.00177764, 0.00014052, -6.55007e-05, 9.3945e-05, -0.000714914
-0.000523985, 0.00160618, 2.13319e-05, -0.000555934, -0.000247118, 0.000333897, -0.000951327
0.000207489, -0.00134207, 0.000571033, -0.000370623, 0.000276064, -0.000286028, -0.0001595
-0.000975298, 0.000311714, 0.000380689, -0.000803894, -0.000256767, 4.66736e-05, -0.000343692
-0.000650199, -0.000349002, -0.000303019, 0.00122731, 0.000269632, -0.000443602, 8.23062e-06
0.000123346, 0.000880956, -0.00140844, 0.000818206, 0.000179754, -0.000295735, -0.000469231
8.22307e-05, 3.04918e-05, -0.000382147, 0.00054547, 0.000119836, -0.000434515, 0.000670524
5.48205e-05, 0.00057714, 0.000951661, -0.000193165, 7.98909e-05, 0.0004224, -6.16105e-05
3.6547e-05, -0.000172052, 7.76287e-05, -0.000778391, -0.000184098, 4.4241e-05, 0.000976179
0.000581177, -0.000671513, 0.00125818, 0.000687499, -0.000122732, -0.000207865, 0.000379519
-0.000726173, 0.000109136, -0.00036764, -9.84794e-05, -0.000522631, -0.000375936, 0.000253012
-0.000484115, -0.000484054, -0.000245094, 0.000491159, 9.23888e-05, 0.000224094, 0.000677301
-0.000322743, -0.000322703, -0.000163396, -0.000229373, -0.000141858, 0.000149396, -0.0012778
0.00034165, -0.000215135, -0.00010893, -0.000152915, 0.000108879, -0.000137762, 0.000131481
0.000227766, 0.000413388, -7.26203e-05, -0.000101943, 7.25857e-05, 0.000654144, -0.00140432
-0.000404968, -0.00028122, -4.84135e-05, -0.000717576, 4.83905e-05, -7.25302e-05, -0.000190226
0.000286834, 0.000369332, 0.000524536, -0.000478384, 3.22603e-05, 0.000460273, 0.000856527
0.000748034, -0.00031059, -0.000207121, 0.000330691, 0.000258866, -0.000201778, 0.000571018
-0.000614934, 0.000906564, 0.00106835, 0.000220461, -6.47817e-05, -0.000134518, 0.000889305
-0.00105957, -0.00115886, -0.000494196, -0.00050264, -4.31878e-05, -0.000327038, 0.000355511
0.000500046, 0.000990663, 0.000227348, -0.000335093, -2.87919e-05, -0.000218025, 0.000237007
0.000333364, -0.000453182, -0.000405247, 0.000426218, 0.000218164, -0.00014535, -0.0108474
-0.000984183, -0.000951735, -0.000270164, 0.000284146, -9.1916e-05, 0.000377818, -0.00810632
0.00175673, 0.000571936, -0.000829724, 0.000746242, 0.000176082, 0.000251879, -0.00656889
-0.000592085, 0.000381291, 9.64649e-05, 0.000497495, -0.000119971, 0.000167919, -0.00558337
0.000718901, -0.000302618, 6.431e-05, 0.000331663, 0.000360829, 0.000383213, -0.00436254
-7.75448e-05, -0.000201746, -0.000606741, -0.00154213, -0.000403708, -0.00049051, -0.00267651
0.00115473, -0.000134497, 0.00024512, 0.00017834, 0.000171671, 0.000147711, -0.00175456
0.000120206, -0.000739279, -0.0004862, -0.000530721, 0.000317898, 9.84743e-05, 0.000166584
-0.000476675, 0.00127039, 0.00032548, 0.000852612, -0.000228878, -0.000171709, -0.000243066
0.000239029, 0.000846924, 0.000773799, 0.000568408, 8.47739e-05, -0.000114473, -0.000249616
-0.000397459, -0.000549008, -4.09461e-05, 0.000378939, 5.6516e-05, -7.63153e-05, -0.000232089
-0.000264973, -0.000366005, -2.72974e-05, 0.000252626, -0.000403132, 0.000457749, -0.00169596
-0.000733461, -0.000893618, -1.81983e-05, -0.000388395, 0.000172055, 3.38989e-05, -0.00116758
6.78382e-05, 0.00237392, -0.000661746, -0.00146536, -0.000122656, -0.000452119, -0.00131472
0.000602037, 0.000376187, 0.000765262, 0.000229522, -0.000285221, -0.000301412, -0.000388636
0.000401358, 0.000250791, 0.00115979, 0.000153015, 0.000250662, 3.64173e-05, 0.00121729
0.000267572, -0.00159604, -0.000433234, -0.000547604, 0.000167108, 0.000261637, 5.38544e-05
-0.00037843, 0.000142397, 0.00026799, -0.000365069, 0.000314856, -6.29342e-05, 2.71359e-05
-0.000252287, 9.49311e-05, 0.00017866, 0.000406234, 6.45341e-06, -0.000279315, 0.000486233
0.00103823, 6.32874e-05, 0.000119106, 0.000270823, -0.000436507, 0.000559775, 0.000319224
0.000692156, -0.00051462, -0.00112702, 0.000180549, -8.75543e-05, -0.000372802, 0.000480385
-0.000188176, 0.000213732, -0.000101734, 0.000120366, -5.83695e-05, -0.000248535, -0.000191144
-0.000682263, 0.0006993, -6.78225e-05, -0.00056937, -3.8913e-05, 7.16693e-05, 0.000107849
0.00010197, -0.000647424, -4.5215e-05, 0.000270034, 0.000414867, 4.77795e-05, -0.00115036
-0.000488832, 0.000682008, -3.01433e-05, 0.000180023, 7.31278e-05, 3.1853e-05, -0.00076808
-0.000325888, -0.000658952, -0.00066971, -0.000529599, -0.000188607, 2.12353e-05, -0.00075029
-0.000217259, 0.000117511, 0.000759953, -0.000353066, -0.000125738, 0.000522783, -0.000500851
0.00106159, 0.000635152, 0.000506635, 0.000414237, -8.38254e-05, -0.000634822, 0.000886308
-0.00105551, -0.000133377, 0.000337757, 0.00083297, -0.000259334, 5.15032e-05, 8.18757e-05
0.000409948, 0.000467894, 0.000225171, 0.000555313, 0.00026792, 0.000542962, 0.000562932
-0.000840325, -0.00145131, 0.000150114, 0.000927021, -5.87456e-05, 9.07071e-05, 0.00112107
-0.000560217, -0.000317925, -0.000456736, -0.00170204, -3.91637e-05, 6.04714e-05, 0.000238594
0.000183334, 0.000344862, -0.000304491, 7.17352e-05, -2.61091e-05, -0.000197045, -0.000315772
0.000122223, 0.000229908, -0.000202994, -0.00060179, -1.74061e-05, 0.000105996, -0.00048187
0.000638294, -0.00040354, -0.000135329, 0.000805232, -0.000452414, 7.06639e-05, -5.00452e-05
0.000425529, 0.000844597, 0.000466593, -0.000669604, 0.00058001, 4.71093e-05, -0.000779398
0.000283686, 6.25287e-06, 0.000311062, 0.00131683, -5.41362e-05, -0.000205953, -4.49179e-05
-0.000367688, -0.00120226, 0.000207374, 0.000321078, 0.000201268, 0.000371324, -0.00101332
0.000961301, 0.000961733, -0.00106818, -0.00034276, -0.00010318, -2.37177e-05, 0.000307778
-0.000565559, -0.00112208, -0.000712118, -0.000228507, -6.87868e-05, -1.58118e-05, 0.000713796
0.000829387, 0.000458371, -0.000474745, -0.000801952, 0.000191501, -1.05412e-05, 0.000475852
0.000552924, -0.000251231, 0.000333117, 0.000671791, 0.000127667, -0.000244386, 0.000554585
-0.00083781, -0.000167488, 0.000222078, -0.000108951, -0.000355698, 7.44347e-05, 0.000878343
-0.00111535, 0.000445154, 0.000704864, -7.2634e-05, -3.36814e-05, -0.000187736, 7.69308e-05
-0.000743568, 0.000296769, -8.69026e-05, 0.000508389, -0.000225905, 0.000112202, 0.000322551
0.00126753, 0.000197846, 0.000498877, -0.00142431, 0.000290206, 7.48011e-05, 0.000215031
-0.000361409, -0.000424915, 0.000332585, -0.000392729, 0.000193471, -0.00042485, -0.000365274
-0.000797751, 0.000273536, -0.000335089, -0.000261819, 0.000128981, 0.000191484, -0.00146422
0.0012314, -0.000374455, -0.000223393, 0.000475068, -0.000151372, -0.000109703, -0.000976148
-0.00038549, 0.000863987, -0.000148928, -0.000889714, -0.000100915, -0.000310494, -0.000650767
-0.000256993, 0.00122561, -9.92856e-05, -3.63308e-05, 0.000170083, 3.03629e-05, 0.00129548
0.000385483, -0.000946168, -0.000715804, 0.00118221, -0.000327421, -0.000217117, 0.000355029
-0.000856635, -0.000630778, -0.000477203, -0.000975101, -0.00045564, 0.000601241, 0.000982671
-1.42782e-05, 0.000136293, 0.000331479, 0.000556359, 0.00013705, 0.00012956, -9.08714e-05
0.000547293, 9.0862e-05, -0.000428628, 0.000927718, 0.000328725, 0.00035764, 0.000448045
-0.00139838, -0.000496237, 0.000920674, -0.00114476, -1.82087e-05, -3.28404e-05, -0.00119327
-0.000282637, -0.000980439, 5.69706e-05, -0.000206361, 0.00022522, -0.000496611, -0.000795516
0.0009252, 0.00110961, 3.79804e-05, 0.00051204, -0.000528022, -9.37154e-05, -0.000530344
0.0006168, 0.000182929, 2.53203e-05, 0.000898172, 8.87949e-05, -0.000299836, -0.000353563
-0.000145612, 0.000121953, 1.68802e-05, 0.000598781, 5.91966e-05, -0.000199891, 0.00125626
-9.70748e-05, -0.00047551, -0.00119517, 0.000399188, -0.000163986, 0.000341458, 0.000566241
-6.47165e-05, 0.000239805, 0.000409644, -0.000940301, 0.000331485, -0.00024708, 0.000648761
0.000513668, -0.000396942, -0.000376518, 2.27467e-05, 0.000424441, 7.26392e-05, -7.6119e-05
-0.000214367, -0.000264628, 0.000398602, 1.51645e-05, -0.000157849, 4.84262e-05, 0.00045788
-0.000142911, 0.000380393, 0.000822547, 1.01096e-05, -0.000105233, 0.000269643, -0.000203373
0.000461538, 0.000253596, 0.000548364, -0.000642874, -0.000510965, -5.75969e-05, -0.000372941
-0.00024912, 0.000169064, 0.00101519, -0.000428583, 0.000337525, -3.83979e-05, -1.12683e-05
0.000390732, -0.00165053, -0.00117925, 0.000363892, -1.2342e-05, 0.00021176, -0.0019742
-0.000853136, 0.000106073, -0.00013655, 0.000242595, 0.000229131, 0.000141174, 0.000650555
-1.19454e-05, -0.00113571, -9.10335e-05, 0.00016173, -0.000525414, 9.41157e-05, -0.00105827
-7.96358e-06, 0.00156291, -6.0689e-05, -0.000541794, 9.05332e-05, -0.000649333, -0.000196885
-5.30905e-06, 0.00169155, -0.000690073, 0.000288418, 6.03554e-05, 4.18292e-05, 0.000852087
-3.53937e-06, -0.000635535, 0.000189565, 0.000749091, 4.0237e-05, -0.000446832, 0.000805417
-2.35958e-06, 0.000133122, -0.000523237, 0.000499394, 2.68246e-05, 0.000414189, 0.000536945
0.000555239, 8.87478e-05, 0.000300789, 0.000332929, 1.78831e-05, 0.000547393, 0.000120604
-0.000743465, 5.91652e-05, 0.000757338, 0.000221953, -0.000191528, -0.000618415, -0.000428223
0.000617981, 3.94435e-05, -5.19199e-05, -0.00105846, 0.000313124, 0.0002998, -0.000522841
-0.000144825, -0.00118013, -3.46133e-05, -0.000705638, 0.000208749, 0.000199867, -0.00058592
0.000460262, -0.00013714, -2.30755e-05, 0.00129281, 0.000139166, 0.000133244, -0.000899239
0.000956455, 0.0010222, 0.000541428, -0.000251749, -0.000348032, 8.88296e-05, 0.000655119
-1.1977e-05, 0.000681465, 0.00101057, -0.000817447, -2.85708e-05, -0.000652857, 0.000165478
-0.000564797, -0.000102502, 2.40968e-05, 0.000661461, -1.90472e-05, 0.000276839, 0.000381586
0.000180281, 0.000488477, -0.00119036, -0.000115838, -0.000216149, -5.27998e-05, 0.00049175
-0.000436625, 0.000325652, 0.000412852, -7.72251e-05, 5.93514e-05, 0.000202159, 0.000565192
0.000265729, -0.000896523, 0.000275234, -0.000701097, 0.000480377, -0.000102586, 0.000376795
-0.000936471, 0.000515942, -0.00102294, -0.000467398, -0.000324009, -0.00030575, 0.000251197
0.00048931, -0.000212851, -3.23436e-05, 0.00145164, 0.000224804, 3.35258e-05, 0.000438732
0.00097582, 0.000414912, -0.000671176, -0.000795478, -0.00029094, -0.000215008, -0.00119948
-0.00111269, -0.000280204, 0.000202163, 0.000119295, -0.00019396, 0.000331379, -0.000324937
0.00037183, -0.000186803, 0.000134775, 7.953e-05, 0.000311503, 0.000492187, -0.000453984
-0.000308925, -0.000681347, 8.98502e-05, -0.00115341, -2.96905e-05, 5.68571e-05, -0.000540015
-0.000762762, -0.000454231, 5.99002e-05, 0.000437489, -1.97937e-05, 3.79047e-05, 0.00113196
-0.000508508, 0.000253991, 0.000596745, 0.000291659, -0.000216646, -0.000212089, 0.00075464
-0.000339005, -0.000387485, -0.000158982, 0.000751251, 0.000296379, 9.59662e-05, -0.000751518
0.00153723, -0.000907937, -0.000105988, -5.59777e-05, -3.97732e-05, 6.39775e-05, 0.000482332
-0.000738415, 0.00180756, 0.000486153, -0.000686932, -0.000229966, -0.000194707, 0.000321555
6.45353e-05, 0.000555426, -0.00023271, 0.000191659, 5.01399e-05, 0.000107554, -0.000260348
0.000599835, -0.00074334, 0.000401672, -0.000521841, 0.000270786, -0.000165656, 0.00057242
0.00039989, 6.12522e-05, -0.000938644, -0.000347894, 0.000180524, 0.000126921, -0.000127013
0.000266594, 4.08348e-05, 0.000580663, 0.000974496, -0.00032046, 0.000355882, -0.00130538
-0.000379083, 2.72232e-05, -0.000169703, 9.28523e-05, -1.01897e-05, -3.40129e-05, -0.00114152
0.00030409, 1.81488e-05, -0.000113136, -0.000587712, 0.000230566, 0.000248592, -0.000761013
-0.000354085, -0.000544713, 0.000481388, 0.000257806, 0.000153711, -0.000105539, 0.000238643
0.000320755, 0.000750482, -0.000235886, -0.000477743, -0.000134885, -0.000545077, 0.00141371
-0.000899787, -5.64906e-05, -0.000157258, -0.000318496, 0.000350886, 0.000111333, 0.00117983
-0.000599858, -0.000594472, -0.000104838, -0.00021233, 3.04735e-05, -0.000163137, 0.000277927
0.000713718, -0.000396315, -6.98923e-05, -0.000698366, -0.000217043, 0.000128601, 0.000456552
-8.09996e-05, 0.000292602, -0.000696209, 0.000740849, -0.000348146, 8.5734e-05, -0.000441617
-5.39997e-05, -0.000361744, 0.000185475, -0.000155715, 0.000412163, -0.000180203, 0.000180306
-3.59998e-05, 0.000315649, 0.00133008, 0.000545804, -0.000369485, -0.000120135, -0.000354514
0.000532812, -0.000346379, 0.000237103, 0.000920681, 0.000194486, 0.000428536, -0.00149095
-0.000758416, -0.000230919, -0.00160517, 5.69756e-05, -0.000107701, 1.44234e-05, -0.00123133
-0.000505611, -0.00136037, 0.000136313, 3.79838e-05, -7.1801e-05, -0.000227743, 0.000671085
0.00077655, 0.000299511, 9.08755e-05, -0.000624291, -0.000251318, 8.553e-05, -0.000535954
-0.000595924, 0.0013133, 0.000617396, -0.000416194, -0.000167545, -0.000417698, 0.0008634
0.000716341, 0.00031872, 0.000411597, 0.000372151, 9.17537e-05, 0.00046752, 0.00132159
-7.9251e-05, 0.000769292, -0.000282414, 0.000248101, 6.11691e-05, 0.00031168, 0.000135072
0.00115359, 0.000512861, 0.000368536, 0.0001654, 0.000278138, -0.000538199, 0.00107339
0.000769061, -0.000214904, 0.000245691, 0.000110267, -5.19334e-05, -0.000358799, 0.000240877
-0.000693718, -0.00014327, -0.000393018, 7.35113e-05, 0.000202737, -0.000239199, -0.00207737
-0.000462479, -9.55131e-05, -0.000911626, 4.90075e-05, -0.000102201, 7.78927e-05, -0.000638929
0.000248493, 0.000493137, 4.18632e-05, -0.000616942, -6.81341e-05, 5.19285e-05, -0.000425953
-0.000947962, -0.00143448, -0.000621705, -0.000411295, 0.000598837, 3.4619e-05, -0.000283968
0.000481649, 0.000806918, -0.00041447, 0.000375417, 0.000195774, 2.30793e-05, 0.000285406
-0.000235713, -1.88668e-05, 0.000373301, 0.000250278, -0.000751103, -0.000221973, 0.00019027
-0.000157142, -0.001219, 0.00145529, 0.000723664, -5.99257e-05, 0.000326736, 0.000126847
0.000452051, 0.000393757, -0.000236231, -0.000723983, 0.000197408, -0.000256894, 0.00083055
-0.000812257, 0.000262504, -0.000807101, 0.00072377, -0.000105753, 0.000303455, 0.0005537
1.53075e-05, 0.000175003, 0.00131797, 0.000482514, -0.000273953, -3.50554e-05, 0.000131774
1.0205e-05, -0.000440143, -0.000327778, 0.000321676, 2.08154e-05, -2.33703e-05, 0.000833835
6.80333e-06, -0.000943043, -0.000868132, -0.000991975, 1.38769e-05, 0.000221779, -0.000698722
4.53555e-06, 0.00113454, 7.08591e-05, -1.1703e-05, 9.25128e-06, 0.000147853, 4.28118e-05
-0.000553788, 0.00019955, 4.72394e-05, -0.000657416, 6.16752e-06, -0.000138791, -0.00119216
-0.000369192, 0.000689845, 0.000588305, -0.000438277, -0.000199339, -0.000329886, -0.000320057
-0.000246128, 0.000459897, -0.000164609, -0.000292185, -0.000132893, -0.000219924, -0.000688089
0.000949538, -0.000250214, 0.00109669, 0.00156845, 0.000114855, 9.07429e-05, 0.000524618
7.62137e-05, -0.000166809, -0.00168173, -0.000717606, 0.00051738, 0.000297854, 0.00109573
0.000607621, -0.000668018, -0.00056434, -0.000478404, -0.00074015, -3.87895e-05, 0.0107309
-0.000151731, -0.000445345, -0.000376226, 0.000330678, -5.26236e-05, 0.000211499, 0.00879542
0.00110527, 0.000816727, 0.000398796, 0.00133408, 0.000405727, 0.000412267, 0.00602663
8.72339e-05, -1.23273e-05, 0.000265864, -0.00022424, 0.000270485, 3.57724e-06, 0.00475885
5.81559e-05, -8.21823e-06, 0.00138367, -0.000799107, 0.000180323, -0.000234974, 0.00331301
-0.000518041, -5.47882e-06, -0.00028398, 0.000673688, 0.000120215, 8.07095e-05, 0.00272938
-0.000345361, -0.000560464, 0.000367492, -0.000107687, 0.000283594, -0.000420912, 0.000302772
-0.000230241, 0.000183169, -0.000961431, -7.17912e-05, 0.000189063, -0.000280608, 0.000869859
-0.000153494, -0.00108431, -0.000640954, -0.000697475, 0.000126042, 0.000558913, 0.000936804
-0.000102329, -7.32616e-05, -0.000427303, 0.000184631, -0.000119423, 0.000101342, 0.000476831
0.000488593, 0.0017144, 0.000921557, 0.000123087, -0.000316974, -0.000407157, 0.0018771
-0.000231084, -0.00182673, -0.00114887, -0.00112437, -0.000211316, 0.000474547, 0.000793203
-0.000154056, -0.00121782, 0.00164694, 0.000456847, -0.000140877, 4.50976e-05, 0.00154997
0.000454108, 0.000951357, -0.000108465, -0.000345049, -0.000297369, 3.0065e-05, 0.000824321
-0.000810885, 0.00119105, -7.23102e-05, -0.000230033, 5.20469e-06, -0.000217316, -0.00139587
0.000573034, -0.000319591, -4.82068e-05, 0.000496259, 3.46979e-06, -0.000144877, 0.000306082
-0.000174789, 0.00155018, -0.000681752, 0.000887651, 0.000443123, -9.65847e-05, -0.00127595
0.000440286, -0.000729786, 0.000751925, -0.000614658, -0.000348845, 0.000444236, -0.000841657
0.000943138, -0.00113614, 0.000501283, 0.000796654, 0.000411697, -0.000212469, 0.000937598
-0.000577667, -0.000757425, -0.000222623, -2.57096e-05, -0.000166345, 9.57132e-05, 0.000867473
0.000821314, 0.000144664, -0.000148415, -0.000666754, -0.000110897, -0.000410909, 0.000107384
-0.00121569, 9.64424e-05, -9.89436e-05, -0.000444502, -7.39311e-05, -0.000273939, 0.00105777
0.000952775, 0.00182753, 0.00049085, -0.000853147, 0.000188072, 0.000292092, 0.000198686
-0.000571243, 1.19293e-05, -0.000229579, 0.00119447, 0.000125381, -4.26312e-05, 0.000405322
-0.000380829, 7.95287e-06, -0.000153053, 0.000796315, -0.000357222, -0.00026578, -0.000237214
-0.000253886, 5.30192e-06, 0.000454777, 0.000530877, -0.000475507, 0.000568799, -0.000394603
0.000387555, -0.000553277, 0.000303185, -0.000202894, -0.000317005, 0.000107932, -0.00100838
-0.000298442, -0.000368852, -0.000354689, 0.000421549, -0.000211336, -0.000402763, -0.00118037
0.00156428, -0.000245901, -0.00144289, -0.000925393, 0.000299918, 0.000477476, -0.00051527
-0.0012772, 0.000392878, -0.000405111, -0.000616929, 0.000437305, 4.70502e-05, -0.00010587
0.000262158, 0.000261919, 0.000936352, 0.00079514, 0.000291536, -0.000205992, 0.00165896
-0.00038204, -0.0003822, 6.74224e-05, 0.000530093, 0.000194358, -0.000137328, 0.000868776
-0.000811505, 0.000302012, 4.49483e-05, 0.000353396, -0.000107787, -9.15521e-05, 0.000579304
0.00057262, 0.000201342, 0.00123639, -0.000970829, 0.000165501, -6.10347e-05, 0.000386293
-0.000731877, -0.000422584, -0.000382165, 2.39473e-06, -0.000127025, 0.000196669, -0.00147173
0.00127532, -0.000281723, -0.000254777, 1.59648e-06, -0.000288134, 0.000131113, -0.000981105
-0.000356213, 0.000925809, -0.000169851, 1.06432e-06, 1.13613e-05, -0.000387309, 5.80447e-05
0.000319337, -0.00114603, 0.000443578, -0.000648904, -0.000195876, -0.000258206, -0.000673352
0.000862505, 0.000999216, -0.000910707, 0.000217011, -0.000130584, 6.52214e-05, 0.000534464
-7.46105e-05, -0.00044748, 4.24757e-05, -0.00050494, 0.000353753, 0.00028084, 0.000831043
-0.00116336, 0.000258492, 0.000585129, 0.00142661, 0.000439286, -0.000287491, 0.000316682
-0.000775576, -0.0010341, -0.000166726, -0.000812164, -0.000147952, 0.000554324, 0.000448489
0.000596573, -0.000689398, 0.000445661, -0.000541442, -9.86347e-05, -0.000376436, 0.000299
-0.000715908, 0.000746827, -0.000909318, 0.000845464, 0.000171602, -1.35982e-05, -0.00027538
7.95396e-05, -5.89274e-05, 4.34017e-05, 6.83088e-06, -0.000122957, 0.000499561, 0.000799761
-0.000503786, -0.000688899, 2.89345e-05, -0.00064506, -8.19715e-05, 6.17732e-05, -0.000450167
0.000220955, 0.00074716, -0.000630324, 0.000219574, -5.46477e-05, 4.11821e-05, -0.000808736
0.000147303, -5.87053e-05, 0.000229398, 0.000146383, -3.64318e-05, 0.000298722, -0.00101387
9.82022e-05, 0.000517675, 0.000152932, -0.000552026, 0.000416522, -0.000546837, -0.000201196
6.54681e-05, 0.000901929, 0.000101955, 0.000281597, -0.000366579, -0.000127199, -0.000880115
-0.000513167, 4.44738e-05, 0.000624782, 0.000187731, -4.09354e-05, 0.000152559, 0.000905228
0.00142113, -0.000527163, -0.000140291, 0.000125154, -2.72903e-05, 0.000101706, 0.00111211
-0.000259008, -0.000351442, -9.35272e-05, 8.34361e-05, 0.000219165, -0.000406914, 0.000232782
0.00038414, -0.000883908, 0.00049446, 0.000612436, -9.12487e-05, -3.39168e-05, 0.000901174
-0.000300719, 0.000617154, 0.00032964, 0.000965103, 0.000176527, -2.26112e-05, -0.000145203
-0.000757291, 0.000968248, -0.000337052, -0.000470222, -0.000323125, -1.50741e-05, -0.00108015
0.00125838, 0.000645498, -0.000224701, -0.000313481, 0.000225393, -1.00494e-05, 2.58882e-05
0.000189304, -0.00133291, 0.000407011, -0.000858602, -0.000290548, 0.000230659, -0.000966085
0.000126203, 0.000317822, -0.000285471, 7.72129e-05, 0.000247111, 0.000153773, 0.000576646
-0.00102949, -0.000994544, -0.000839928, 5.14753e-05, 0.000164741, 0.000373783, 0.000893057
-0.000686326, -1.34157e-05, 8.96619e-05, -0.000615297, 0.000313278, -2.2079e-05, 8.67452e-05
0.000656073, 0.000547868, 0.000616587, -0.000410198, 5.40124e-06, -0.000489437, -0.000179529
-0.000676242, -0.000191567, 0.000411058, 0.000376149, -0.000674568, -8.89325e-05, 0.000626299
0.000105984, -0.000777325, -0.0014892, 0.00136439, -0.000212353, 0.000449338, -9.10933e-05
-0.000486156, 0.000688209, 0.00142005, -0.000204031, 0.000299241, -0.000209068, 0.000685256
0.00143913, 0.000458806, -0.000259724, 0.000420791, -0.000241315, -0.000139378, -5.17887e-05
0.000309809, -0.000250941, 0.000383662, -0.000276284, 0.000483383, 0.00014444, -0.00125523
-0.000907085, 0.00159594, -0.000950651, 0.000929434, 0.000118805, -0.000141066, -0.00059946
-0.000604723, 0.000414349, 1.58466e-05, -0.00114361, 7.92032e-05, -9.40437e-05, -0.000874358
0.000153663, -0.00028058, 1.05644e-05, -0.00076241, 5.28021e-05, -6.26958e-05, 0.000129171
0.000102442, -0.000743865, -0.000642571, 0.000141341, -0.000405608, -4.17972e-05, 8.61143e-05
6.82947e-05, -0.00049591, -0.000985193, -0.000555387, 0.000373855, -2.78648e-05, 0.000566036
-0.000511282, -0.000330607, 0.000549631, 0.000836168, -0.000191573, -0.000255935, 0.000377357
0.000215957, -0.000220404, 0.000366421, -0.000648981, -0.000331166, 0.000575362, 0.00048893
0.000143971, -0.00079655, 0.00024428, 0.00021696, 0.000220032, 0.000112307, 0.00083458
9.5981e-05, 0.000675392, 0.000719666, 0.00014464, 0.000146688, 7.48714e-05, -0.000426958
6.39873e-05, 0.00100707, 0.000479777, 9.64268e-05, -0.000139567, 0.000321182, -0.000555906
4.26582e-05, -0.000442242, -0.000886575, -0.00114214, -9.30446e-05, -0.000294505, 0.000375381
2.84388e-05, 0.000261984, -0.00059105, 0.000444998, -6.20297e-05, 4.10221e-05, -0.000495731
0.000575771, 0.000731468, -0.000394033, -0.000352948, 0.000196006, 2.73481e-05, -0.000805205
-0.00026998, -4.6111e-05, 0.00041262, 0.000492748, -3.30876e-06, -0.000146085, -4.13904e-05
0.000376826, -0.00123717, -0.000281732, 0.000328499, 0.000235153, 0.000139969, 0.000989659
0.000808029, -0.000175164, -0.000837435, -0.000430615, -0.000284041, 9.33128e-05, 0.000897132
0.0011883, 0.000996848, 9.13238e-05, -0.000843889, 0.000251449, -0.000412509, 0.000360729
0.000142586, -0.00109867, 6.08825e-05, -5.78039e-06, -6.97263e-05, 0.000199712, -3.07815e-05
-0.00101857, 0.000473978, 0.0005974, 0.00064576, -0.000487294, 0.000133141, -0.00025788
-0.000122232, 0.000315985, -0.00136497, 0.000430507, 0.000556756, 8.87607e-05, -0.00017192
0.000475324, 0.000767469, -0.000353169, 0.000287005, -0.000510448, 5.91738e-05, -0.000114613
0.000316882, 0.000511646, 0.000414168, 0.000191336, -0.00010294, -0.00019791, -0.000313768
-0.000902369, 0.000341097, 0.000832924, 0.000127558, 0.000134824, 0.000105419, -0.000955164
0.000512045, -0.000329414, 0.0012049, -0.000564576, 0.000327242, 7.02794e-05, -0.0011454
0.000341363, 0.000337203, 0.000803264, 0.000830042, -0.000222648, -0.000427865, -0.000254975
0.000227575, -0.00033201, -0.000114104, -3.45049e-06, 0.000292377, -4.78844e-05, -0.000407342
-0.000961907, -0.000778152, -7.60695e-05, -2.30032e-06, 0.000194918, -3.19229e-05, 0.00145777
0.000472353, 3.80439e-05, -0.000607525, -1.53355e-06, -0.000548223, 0.000216077, 0.000700578
-0.00024191, -0.000531449, 0.000801409, -1.02237e-06, 0.000312686, -9.33076e-05, 0.000467052
-0.000161273, 0.000202512, -0.000115341, -6.81577e-07, 0.000208458, 0.000175154, 0.000819994
0.000449296, -0.000421804, -7.68941e-05, 0.00111317, 0.000138972, -0.000357949, -0.00118267
-0.000257281, -0.000281202, -5.12627e-05, -0.00102112, -0.000144711, 0.000236085, -0.000313727
-0.000171521, -0.000187468, -0.0012406, -0.00068075, -0.000299925, 0.000428658, -0.0011925
0.000442465, 0.000988645, -0.000177453, -0.000453833, 3.50079e-06, -0.000222855, -0.00028637
-0.000261835, 0.000659097, -0.000767916, 0.000347058, 0.000239693, 8.87893e-05, 0.000555072
0.00103187, 0.000439398, 0.000694482, 0.000231372, -7.75637e-05, 5.91928e-05, 9.87804e-05
-0.000518513, 0.000292932, -9.38241e-05, -0.000495366, -0.00025516, 3.94619e-05, 0.000337121
0.000211136, -0.000918336, 0.000494263, 0.00031937, 3.33441e-05, -0.000211051, -4.65201e-05
0.000140758, -0.000612224, 0.000329508, 0.000212913, -0.000181221, -0.000140701, 0.000986239
-0.000462974, -0.000408149, -0.00154357, 0.000141942, 8.26364e-05, -9.38005e-05, 0.000148867
-0.000865461, 0.000841524, 0.000734194, 0.00065144, 5.5091e-05, -6.25336e-05, 0.000607871
0.00053665, 0.000561016, -6.73492e-05, -0.000122519, 3.67273e-05, 0.00019567, -0.000612006
-0.000199045, -0.000739613, -4.48995e-05, 0.000475133, 2.44849e-05, -0.000106912, -0.00112008
-0.000132697, -0.000493075, -2.9933e-05, 0.000316755, 1.63232e-05, -7.12749e-05, -0.000509361
-8.84646e-05, 0.000784907, -1.99553e-05, -0.000345642, 1.08822e-05, 0.000189842, -0.000102215
-5.89764e-05, 0.00117289, -1.33035e-05, -0.000230428, 0.000651515, -0.000110797, -0.000305502
0.000517494, -0.000981314, -8.86903e-06, -0.000153619, -0.000209917, 0.000163494, 0.000779676
0.000344996, -9.73976e-05, -5.91269e-06, -0.000102412, -0.000139945, -0.000128363, 0.00126577
0.000879611, 0.00049188, 0.00055287, 0.00104535, -0.000296747, -8.55753e-05, -0.000648124
-6.32063e-05, -0.00143532, -0.000188232, 0.000696899, 0.000242978, 0.000451576, 0.000551261
-0.000598949, -0.000307265, -0.000775102, -0.000649024, -7.53735e-05, -0.000682293, -0.00010721
-0.0003993, 0.000351969, 0.000132879, 0.000124129, 0.00018711, 0.000528482, -7.14736e-05
0.000290612, 0.000791458, 8.85863e-05, 8.27527e-05, 0.00012474, -0.000156305, 0.000427069
-0.000363071, -2.91733e-05, 0.000615869, -0.000501643, 8.316e-05, -0.000104203, -0.000461273
0.000314765, -0.000576261, -0.000146232, -0.000334429, -0.000385369, 0.00016789, -0.00129086
-0.000346969, -0.000384174, -9.74882e-05, 0.000333859, -0.000256913, 0.000383194, -0.000860573
-0.000231312, 0.000300696, 0.00049182, -0.000334239, -0.000171275, -1.58047e-05, -6.50889e-05
0.000402604, 0.000200464, -0.000228932, -0.000222826, 0.000326626, -1.05364e-05, -0.000280752
0.000268402, 0.000690455, 0.000404191, -0.000148551, 0.000217751, -0.000244383, 0.00103354
-0.000377877, -0.000653321, 0.00026946, -9.90338e-05, 0.000145167, 7.44368e-05, 0.000689024
0.000954508, 0.000121265, 0.00017964, -6.60225e-05, -0.000140581, -0.000187734, 0.000459349
-1.32753e-05, 8.08432e-05, -0.000437052, 0.000512797, 0.000143638, 0.000112203, 0.00128958
-0.0023289, -0.00115253, -0.000291368, -0.000214947, 9.57589e-05, 0.000346069, -0.000123626
-0.000346174, 0.000438072, -0.000194245, -0.000792912, -0.00017352, -0.000752631, 0.000426209
0.000882841, 0.00084886, -0.000129497, -0.00108542, 0.000121679, -2.70364e-05, -0.000224487
3.17488e-05, 9.0948e-06, -8.63312e-05, -0.000166801, -0.00015624, 0.000219335, -0.001133
2.11659e-05, -0.000550749, -0.00126398, 0.000538413, -0.00010416, 0.00041749, -0.000755335
0.000570923, 0.000189646, -0.000285841, 0.000915754, -6.94398e-05, -0.000230299, 0.000242429
0.00103023, 0.000126431, 0.00101586, 5.36907e-05, 0.000394516, -0.000153533, -0.000347007
-0.00107642, 8.42872e-05, 0.000120431, 0.000592606, -0.000177799, 0.000406271, 0.000277288
0.000396012, -0.00115023, 0.0006371, -0.000811355, 0.000118827, -0.000475138, 0.0011682
0.000264008, 0.000439603, -0.000132079, 0.000665522, 0.000282668, 0.000157959, -0.000204542
-0.000380807, 0.000849881, -0.000737667, -0.000762744, -1.5005e-05, 0.000105306, 0.000846983
0.000302941, -0.000547037, 0.000157836, -0.000508496, -0.000450813, -0.000167155, 5.60288e-05
-0.000354851, 0.000192121, 0.000662036, 0.000867428, 0.000140268, -0.000111437, -0.000708633
0.000320244, -0.000428731, -0.000765068, 2.14736e-05, -0.000143847, 0.000163068, -0.00169312
0.000213496, 0.000270991, 0.000139568, -0.000635298, -9.58981e-05, 0.000379979, -0.000382765
0.000142331, -0.000376151, 0.000649857, -0.000980344, -6.39321e-05, -0.000255307, -0.000255176
-0.000461925, 0.000306044, 0.000433238, -9.67508e-05, 0.000194738, 0.000338422, 0.000813227
-0.000864762, 0.000760842, -0.00147441, 0.00114193, 0.000129825, -0.000283012, 0.000304792
-1.96959e-05, 0.000507228, 0.000780296, 0.000204472, -0.000150809, -0.000188675, 0.000440554
-0.000569943, -0.00142509, -3.66144e-05, -0.0005133, -0.00030399, -0.000125783, 0.000531061
0.000733662, -0.000950057, -2.44096e-05, -0.0003422, -0.00020266, 0.000424771, 0.000625308
0.000489108, 1.62424e-05, -0.000665887, -0.000228133, 0.000509153, 1.19133e-05, 0.000416872
-0.000787552, 0.00177407, 0.000762501, 0.000497525, -0.000304824, 0.000516568, -0.000230712
0.000588589, -0.000580527, -0.000698092, -0.00031793, 0.000237593, 0.00010702, -0.000153808
-0.000164419, -0.000387018, 0.000741031, 0.000994472, -7.89635e-05, -0.000199921, -0.000611165
0.00109681, 0.000855612, 0.000494021, 0.00010617, -5.26423e-05, 0.000137987, -0.000882161
8.15949e-05, 0.000570408, 0.000329347, 0.000627592, -3.50949e-05, -0.000416635, -0.000113389
-0.00105923, -0.000733352, -0.000337247, 0.000418394, 0.000417413, -4.03977e-05, -0.000550311
0.00217071, 0.000624723, -0.00143126, -0.000277882, 7.48247e-05, -0.000264291, 0.00136246
-0.00087291, -0.00014033, -0.00039736, 0.000371557, -0.000187476, -0.000413553, -0.000583667
0.000624486, -0.00129998, 0.000384708, -0.000309107, 0.000112375, -3.83429e-05, 0.000594233
-0.00023329, -0.000217039, -0.000393142, -0.000855685, 7.49167e-05, -0.000262921, -7.85626e-05
-0.000155527, -0.000794307, -0.000262095, 0.000635969, -0.000390865, 0.000570705, 0.00069361
-0.00121731, 0.000676888, 0.00168131, -0.000782447, -5.71261e-05, 0.00038047, -4.62195e-05
-0.000254727, -0.000105553, -0.000735167, -0.00163525, 0.000199275, 0.000253647, 0.000206546
-0.00072663, -7.03688e-05, 0.000159503, 2.34539e-05, 0.00013285, -0.000339529, -0.000337021
7.2392e-05, 0.000509899, -0.000543279, 1.56359e-05, 8.85666e-05, 1.10065e-05, -0.00147929
4.82614e-05, -0.000216879, 0.00149385, 1.0424e-05, 5.90444e-05, -0.000230021, 0.000743135
0.000588986, 0.000412226, -0.000860137, 0.000656563, -0.000401447, -0.000153348, -0.00123391
0.000392657, -0.000281995, 0.000633001, -0.000211905, 0.000580079, 0.000135127, -0.000313978
-0.000851852, -0.000187996, -0.000784425, 0.000508344, -2.01814e-05, -0.000147274, 0.00101138
0.00119534, 0.000431481, 0.000126664, 0.000895708, -0.000250813, 0.000410444, 0.000674256
-0.000409535, 0.000844466, 0.000641255, 4.03266e-05, 0.000273601, 2.36169e-06, 0.000720772
-0.000273023, -0.000550647, -0.000129309, 2.68844e-05, -0.000258409, -0.000235784, -2.81119e-05
-0.000182016, 0.000746526, -0.00073582, 0.000574735, -0.000172273, -0.000394549, 0.000489885
-0.000121344, -0.00061594, 0.00136549, -0.000173655, -0.000114848, -0.000263032, -0.000182036
0.00112553, 0.000146185, -0.000296097, -0.00011577, -7.65656e-05, 0.000299363, -0.0011047
-0.00101288, 9.74569e-05, -0.000847012, -7.71802e-05, -0.000491853, 0.000199575, 0.000755503
-0.000118444, 0.000621783, -0.000564675, -5.14534e-05, 0.000553717, -0.000104309, -0.000988302
-7.89629e-05, -0.00014229, 0.000273164, -3.43023e-05, -0.000275115, -6.95392e-05, -0.000896227
-0.000220699, 0.000493572, 0.000121406, -1.52455e-05, -6.57595e-05, 0.000127333, 0.000912802
0.00040968, -0.000227764, 8.09375e-05, -1.01636e-05, -4.38397e-05, -0.00015247, 0.000371176
0.00027312, -0.000708655, -0.000595656, -0.00065639, 0.000208132, 0.000406979, 0.00123079
-0.000374732, -0.00112205, 0.00145894, -0.000437593, -9.86039e-05, 0.00027132, 0.000583171
0.000306991, 0.0010152, -0.000233802, -0.000291729, -6.5736e-05, -9.03876e-05, 0.000117513
-0.000352152, -0.000436821, -0.000155868, -0.000194486, 0.000193535, -6.02584e-05, -0.000396376
0.000322044, 0.000265598, -0.000103912, 0.00107677, 0.000129023, -0.00051489, -0.00151886
-0.000342116, 0.000177065, -6.92746e-05, 0.000717846, -0.000354794, -0.000105901, -0.000741307
0.000328735, -0.000438768, -4.61831e-05, -0.000727862, 0.00020428, 0.000438026, -0.000256846
-0.000894467, 0.0002643, 0.000526023, 0.000164373, -0.000101172, 2.07497e-05, 0.0015581
0.000517312, 0.0001762, -0.00020613, 0.000666394, -6.74481e-05, -0.000223526, 0.000292747
-0.000768749, -0.000439345, -0.00013742, -0.000762163, 0.000192394, -0.000149017, 0.000195165
0.000601125, 0.000263915, -9.16132e-05, 0.000141505, -0.000109097, -9.93448e-05, 0.00013011
0.00105036, 0.000175943, -6.10755e-05, 9.43367e-05, -0.000276182, -0.000303589, -0.000659245
5.06285e-05, 0.000117296, -4.0717e-05, 6.28911e-05, -0.000184121, 0.000272325, 0.000306488
3.37523e-05, -0.00168504, -0.000676759, 4.19274e-05, 8.07032e-05, 0.00018155, 0.000204326
-0.00053431, 8.30654e-05, 0.000755253, 0.000584764, 0.000291161, 0.000121033, 0.000644843
-0.000356207, -0.00115105, 0.000503502, -0.00016697, 0.000601008, -0.000394029, -0.00106207
-0.000237471, 0.00043906, 0.000985282, 0.000445499, -0.000243588, 0.000483299, -0.000233332
-0.000715126, 0.000849519, -0.00119919, -0.000909427, -0.000162392, -0.000186427, -0.000630273
0.000636873, 0.000566346, -0.000149843, 4.33295e-05, -0.000311712, -0.000124285, -0.000420182
0.000424582, -0.000179248, 0.00110653, -0.000620728, -4.3573e-06, -0.000320215, 0.00121185
0.000283055, 0.000437313, -0.000468739, 0.000235796, -2.90486e-06, 0.000769867, 0.000536632
-0.000368109, -0.00026527, 0.000244319, 0.000714009, -1.93658e-06, -0.000470099, 0.000357755
-0.000245406, -0.000176847, -0.00104355, 0.000476006, 0.000236068, -0.000550758, 1.14426e-06
-0.000163604, 0.000438914, -4.60836e-05, -0.000889089, 0.000157379, 0.000344905, 0.000238122
0.000447743, 0.00029261, 0.00052609, 0.00117051, 0.000104919, 0.000229936, -0.00031597
-0.000258317, -0.000361739, -0.000206086, -0.000982896, 6.9946e-05, 0.000661917, 2.67123e-05
-0.000172211, 0.000315653, 0.000419422, -0.000655264, 4.66307e-05, -0.000304707, -0.000490818
-0.000669705, -0.000339549, -0.000308803, -0.000555049, -0.00030643, 0.00718699, -0.00040916
0.000110342, -0.00087598, -0.000855483, 0.000279581, -0.000204286, 0.00514063, -3.54142e-05
0.000630373, 0.000622439, -0.000570322, -0.000463226, -0.000136191, 0.00386708, 0.001231
0.000420249, 0.000414959, -0.000937026, -0.000308818, 0.000146565, 0.00341668, 0.000820668
0.000280166, 0.00027664, 0.00113855, 0.00100055, 9.771e-05, 0.0017793, 3.84857e-05
0.000186777, 0.000184426, -0.00044739, -0.000539394, 6.514e-05, 0.00160918, 0.000263016
-0.000432294, -0.000433861, 0.000351354, 0.000290018, -0.000193932, 0.00144936, 0.000446611
